league,season,date,stage,knockout,decided_by,state,winner,event_id,home,away,home_id,away_id,home_score,away_score,provider,home_ml,draw_ml,away_ml,over_under,over_odds,under_odds
uefa.euro,2024,2024-06-14T19:00Z,group-stage,False,regulation,post,home,690573,GER,SCO,481,580,5,1,ESPN BET,-360,475.0,750,2.5,-175.0,130.0
uefa.euro,2024,2024-06-15T13:00Z,group-stage,False,regulation,post,away,690574,HUN,SUI,480,475,1,3,ESPN BET,290,200.0,115,1.5,-200.0,145.0
uefa.euro,2024,2024-06-15T16:00Z,group-stage,False,regulation,post,home,690575,ESP,CRO,164,477,3,0,ESPN BET,-110,235.0,333,2.5,105.0,-135.0
uefa.euro,2024,2024-06-15T19:00Z,group-stage,False,regulation,post,home,690576,ITA,ALB,162,585,2,1,ESPN BET,-280,380.0,750,2.5,100.0,-130.0
uefa.euro,2024,2024-06-16T13:00Z,group-stage,False,regulation,post,away,690579,POL,NED,471,449,1,2,ESPN BET,500,340.0,-200,2.5,-120.0,-110.0
uefa.euro,2024,2024-06-16T16:00Z,group-stage,False,regulation,post,,690577,SVN,DEN,472,479,1,1,ESPN BET,450,260.0,-150,2.5,125.0,-165.0
uefa.euro,2024,2024-06-16T19:00Z,group-stage,False,regulation,post,away,690578,SRB,ENG,6757,448,0,1,ESPN BET,475,333.0,-190,2.5,-125.0,-105.0
uefa.euro,2024,2024-06-17T13:00Z,group-stage,False,regulation,post,home,690582,ROU,UKR,473,457,3,0,ESPN BET,360,225.0,-115,2.5,105.0,-135.0
uefa.euro,2024,2024-06-17T16:00Z,group-stage,False,regulation,post,away,690581,BEL,SVK,459,468,0,1,ESPN BET,-200,333.0,500,2.5,-135.0,105.0
uefa.euro,2024,2024-06-17T19:00Z,group-stage,False,regulation,post,away,690580,AUT,FRA,474,478,0,1,ESPN BET,450,310.0,-180,2.5,-130.0,100.0
uefa.euro,2024,2024-06-18T16:00Z,group-stage,False,regulation,post,home,690583,TUR,GEO,465,584,3,1,ESPN BET,-165,290.0,450,2.5,-115.0,-115.0
uefa.euro,2024,2024-06-18T19:00Z,group-stage,False,regulation,post,home,690584,POR,CZE,482,450,2,1,ESPN BET,-200,333.0,550,2.5,-140.0,110.0
uefa.euro,2024,2024-06-19T13:00Z,group-stage,False,regulation,post,,690586,CRO,ALB,477,585,2,2,ESPN BET,-220,340.0,600,2.5,100.0,-130.0
uefa.euro,2024,2024-06-19T16:00Z,group-stage,False,regulation,post,home,690587,GER,HUN,481,480,2,0,ESPN BET,-400,500.0,800,3.5,115.0,-150.0
uefa.euro,2024,2024-06-19T19:00Z,group-stage,False,regulation,post,,690585,SCO,SUI,580,475,1,1,ESPN BET,340,210.0,-105,2.5,125.0,-165.0
uefa.euro,2024,2024-06-20T13:00Z,group-stage,False,regulation,post,,690589,SVN,SRB,472,6757,1,1,ESPN BET,425,260.0,-145,2.5,-105.0,-125.0
uefa.euro,2024,2024-06-20T16:00Z,group-stage,False,regulation,post,,690590,DEN,ENG,479,448,1,1,ESPN BET,400,225.0,-120,2.5,125.0,-165.0
uefa.euro,2024,2024-06-20T19:00Z,group-stage,False,regulation,post,home,690588,ESP,ITA,164,162,1,0,ESPN BET,120,205.0,260,2.5,115.0,-150.0
uefa.euro,2024,2024-06-21T13:00Z,group-stage,False,regulation,post,away,690593,SVK,UKR,468,457,1,2,ESPN BET,225,220.0,130,2.5,115.0,-150.0
uefa.euro,2024,2024-06-21T16:00Z,group-stage,False,regulation,post,away,690591,POL,AUT,471,474,1,3,ESPN BET,260,220.0,110,2.5,100.0,-130.0
uefa.euro,2024,2024-06-21T19:00Z,group-stage,False,regulation,post,,690592,NED,FRA,449,478,0,0,ESPN BET,205,210.0,145,2.5,105.0,-135.0
uefa.euro,2024,2024-06-22T13:00Z,group-stage,False,regulation,post,,690596,GEO,CZE,584,450,1,1,ESPN BET,340,280.0,-130,2.5,-135.0,105.0
uefa.euro,2024,2024-06-22T16:00Z,group-stage,False,regulation,post,away,690595,TUR,POR,465,482,0,3,ESPN BET,450,310.0,-175,2.5,-165.0,125.0
uefa.euro,2024,2024-06-22T19:00Z,group-stage,False,regulation,post,home,690594,BEL,ROU,459,473,2,0,ESPN BET,-270,425.0,600,2.5,-165.0,125.0
uefa.euro,2024,2024-06-23T19:00Z,group-stage,False,regulation,post,away,690597,SCO,HUN,580,480,0,1,ESPN BET,130,280.0,175,2.5,-160.0,120.0
uefa.euro,2024,2024-06-23T19:00Z,group-stage,False,regulation,post,,690598,SUI,GER,475,481,1,1,ESPN BET,475,280.0,-170,2.5,-115.0,-115.0
uefa.euro,2024,2024-06-24T19:00Z,group-stage,False,regulation,post,,690599,CRO,ITA,477,162,1,1,ESPN BET,195,210.0,150,2.5,125.0,-165.0
uefa.euro,2024,2024-06-24T19:00Z,group-stage,False,regulation,post,away,690600,ALB,ESP,585,164,0,1,ESPN BET,650,380.0,-240,2.5,-130.0,100.0
uefa.euro,2024,2024-06-25T16:00Z,group-stage,False,regulation,post,away,690603,NED,AUT,449,474,2,3,ESPN BET,-125,240.0,360,2.5,-115.0,-115.0
uefa.euro,2024,2024-06-25T16:00Z,group-stage,False,regulation,post,,690604,FRA,POL,478,471,1,1,ESPN BET,-360,500.0,750,2.5,-165.0,125.0
uefa.euro,2024,2024-06-25T19:00Z,group-stage,False,regulation,post,,690601,DEN,SRB,479,6757,0,0,ESPN BET,130,220.0,225,2.5,110.0,-140.0
uefa.euro,2024,2024-06-25T19:00Z,group-stage,False,regulation,post,,690602,ENG,SVN,448,472,0,0,ESPN BET,-340,450.0,800,2.5,-130.0,100.0
uefa.euro,2024,2024-06-26T16:00Z,group-stage,False,regulation,post,,690605,SVK,ROU,468,473,1,1,ESPN BET,190,110.0,333,1.5,-150.0,115.0
uefa.euro,2024,2024-06-26T16:00Z,group-stage,False,regulation,post,,690606,UKR,BEL,457,459,0,0,ESPN BET,425,300.0,-170,2.5,-130.0,100.0
uefa.euro,2024,2024-06-26T19:00Z,group-stage,False,regulation,post,home,690607,GEO,POR,584,482,2,0,ESPN BET,650,380.0,-260,2.5,-135.0,105.0
uefa.euro,2024,2024-06-26T19:00Z,group-stage,False,regulation,post,away,690608,CZE,TUR,450,465,1,2,ESPN BET,145,230.0,180,2.5,105.0,-135.0
uefa.euro,2024,2024-06-29T16:00Z,round-of-16,True,regulation,post,home,703931,SUI,ITA,475,162,2,0,ESPN BET,220,190.0,145,2.5,150.0,-210.0
uefa.euro,2024,2024-06-29T19:00Z,round-of-16,True,regulation,post,home,703932,GER,DEN,481,479,2,0,ESPN BET,-165,280.0,450,2.5,-115.0,-115.0
uefa.euro,2024,2024-06-30T16:00Z,round-of-16,True,extra_time,post,home,703933,ENG,SVK,448,468,2,1,ESPN BET,-210,310.0,600,2.5,100.0,-130.0
uefa.euro,2024,2024-06-30T19:00Z,round-of-16,True,regulation,post,home,703934,ESP,GEO,164,584,4,1,ESPN BET,-550,600.0,1200,2.5,-165.0,125.0
uefa.euro,2024,2024-07-01T16:00Z,round-of-16,True,regulation,post,home,703935,FRA,BEL,478,459,1,0,ESPN BET,105,210.0,300,2.5,-105.0,-125.0
uefa.euro,2024,2024-07-01T19:00Z,round-of-16,True,penalties,post,home,703936,POR,SVN,482,472,0,0,ESPN BET,-280,425.0,700,2.5,-135.0,105.0
uefa.euro,2024,2024-07-02T16:00Z,round-of-16,True,regulation,post,away,703937,ROU,NED,473,449,0,3,ESPN BET,600,360.0,-225,2.5,-125.0,-105.0
uefa.euro,2024,2024-07-02T19:00Z,round-of-16,True,regulation,post,away,703938,AUT,TUR,474,465,1,2,ESPN BET,100,225.0,290,2.5,-110.0,-120.0
uefa.euro,2024,2024-07-05T16:00Z,quarterfinals,True,extra_time,post,home,703939,ESP,GER,164,481,2,1,ESPN BET,155,220.0,180,2.5,-110.0,-120.0
uefa.euro,2024,2024-07-05T19:00Z,quarterfinals,True,penalties,post,away,703940,POR,FRA,482,478,0,0,ESPN BET,220,185.0,150,2.5,130.0,-175.0
uefa.euro,2024,2024-07-06T16:00Z,quarterfinals,True,penalties,post,home,703941,ENG,SUI,448,475,1,1,ESPN BET,120,180.0,290,1.5,-200.0,145.0
uefa.euro,2024,2024-07-06T19:00Z,quarterfinals,True,regulation,post,home,703942,NED,TUR,449,465,2,1,ESPN BET,-160,290.0,425,2.5,-130.0,100.0
uefa.euro,2024,2024-07-09T19:00Z,semifinals,True,regulation,post,home,703943,ESP,FRA,164,478,2,1,ESPN BET,170,175.0,205,2.5,140.0,-190.0
uefa.euro,2024,2024-07-10T19:00Z,semifinals,True,regulation,post,away,703944,NED,ENG,449,448,1,2,ESPN BET,225,180.0,150,2.5,135.0,-180.0
uefa.euro,2024,2024-07-14T19:00Z,final,True,regulation,post,home,703945,ESP,ENG,164,448,2,1,ESPN BET,135,175.0,260,2.5,135.0,-180.0
